Strain,Domain,HMMER_score,Contig,Strand,Hit_length,Hit_start,Hit_stop,Sequence,Reason1,Reason2
5235_5#5,HD,38.2,ERS012014|SC|contig000035,-,510,420,1950,MDFENELTSKILDPIHGTIRLTTLEIAFINHPLFQRLRNIKQNSFLYKVFPSAVHSRFEHSLGVLHLSSEILNNLRLNAIRYQKKYDDGHVFGHIDQIPKHNIQELRLAALMHDIGHGPVSHQFESFMPGKHEFSDVLPTAYHSIIDVLSKPEQKVEHEQLSLLFSLMIYHDLRKQGKVDDEINIENVLKIIEKRYGDQQIIEEIKGKATDILPLMTSIISSCPIDADRMDYLLRDGYFSGVKCGIYDYNRLFMSIVPVEEQGKLYLAYKESGIDSIAEFIGARSSLFSQVYYHKTNRAFATMLSTLCEIMQSKDPQNVIIADVTDRIVDHSDESFIDALKDFYLACSDDYFLNDKVGEWIDISDTEAVNKKIIDDIINRHPWSKVYEAKHSVYKANIADKENKAWKSQLTGLLTSVLQPHFKPHEFAVDIVSDCAFKDLDKTEVKLLVKDLKNRYEIKPLIECGDKLNQYQIIKYCIRVFVDRDIKERVTPEIIYKINEIVVKQIALLN,hit length
5235_5#5,Zeta_toxin,21.0,ERS012014|SC|contig000012,-,635,64169,66074,MSLISMHGAWLSFSDAPLLDNAELHIEDNERVCLVGRNGAGKSTLMKILNREQGLDDGRIIYEQDLIVARLQQDPPRNVAGTVYDFVAEGIAEQAAYLKAYHDVSHQVMTDPSDKNLNELARLQEQLDNLGLWQLDSRINEVIEQLGLDANAQLASLSGGWLRKAALGRALVSGPRVLLLDEPTNHLDIETIDWLEGFLKTFKGTIIFISHDRSFIRNMATRIVDLDRGKLVTYPGNYDQYLLDKEEALRVEELQNAEFDRKLAQEEVWIRQGIKARRTRNEGRVRALKAMRRERGERREVMGSAKMQVEEASRSGKIVFEMENVNYQVDGKVLVKDFSAQIQRGDKIALIGPNGCGKTTLLKLMLGQLQADSGRIHVGTKLEVAYFDQHRAELDPDKTVMDNLAEGKQEVMVNGKPRHVLGYLQDFLFHPKRAMTPVRALSGGERNRLLLARLFLKPSNLLILDEPTNDLDVETLELLEELIDGYQGTVMLVSHDRQFVDNTVTECWIFEGGGRIGQYVGGYHDARGQQAQSLAQKQTVVKKTTEVAQPKAETVKRGGNKLSYNLQRELEQLPQKLEALEAELQTLQDQVADPDFFGQPHDRTQQVLAQLAEAEQALEAAFERWEYLEGLKNGA,hit length
5235_5#5,Zeta_toxin,31.1,ERS012014|SC|contig000019,-,507,8635,10158,MAKEKKRGFFSWLGFGQKEQAQETETEQKVEEQQAVAEEIPAVETPAEPSAPKADPEAFAEDVVEVTETVVESEKAHLAEPASAQEEEWVETPALTEETPVVEPEPAVSEPPEQPAVVEPLAEEVIAEPVVAEAVAEQPVEGIVVQPQETEAPEEDAPLSDEELEAQALAAEAAEEAAVVVPAPEDEAPLEALAQEQEKPTKEGFFARLKRSLLKTKQNLGSGFISLFRGKKIDDDLFEELEEQLLIADVGVETTRKIITNLTEGASRKQLRDAEALYGLLKEEMGEILAKVDEPLNVEGKTPFVILMVGVNGVGKTTTIGKLARQFEQQGKSVMLAAGDTFRAAAVEQLQVWGQRNNIPVIAQHTGADSASVIFDAIQAAKARHVDVLIADTAGRLQNKSHLMEELKKIVRVMKKLDVDAPHEVMLTIDASTGQNAISQAKLFHEAVGLTGITLTKLDGTAKGGVIFSVADQFGIPIRYIGVGERIEDLRPFNAGDFIEALFARED,hit length
5235_5#5,DUF488,73.2,ERS012014|SC|contig000008,+,247,126147,126888,MCLPDGRGSWKATAATSPDIISWPPGWRSAPPGKRAVRQRYSPTAALPAAASLSMTVPFADGVKRAQGSRPSCCAPTASRYFPTGKSRSCSPGWHRRSRMMIQCKRVYDPQESSDGYRVLVDRLWPRGIKKEALACDEWCKELTPSAELRKAFHGEAIDFAHFSQRYRQELDAHRETGLXXXXXXXXXXXXXXXXXXXXXXXXXXXXXXXXXXXXXXXXXXXXPCRLRFSRMIPAPQRPLVEGFAAG,hit length
5235_5#5,DUF3749,173.7,ERS012014|SC|contig000017,+,127,98948,99329,MKLTIIRLQHFSDQDRIDLGKIWPSQDLSTLTLDENHRLYAARFNERLLGAVRVTLRGVEGELSDLCVREVTRRRGVGQYLVEETLRDNPAINSWRVADSGVEDRGVMAAFMQALGFSAQQTGWEKH,No adjacent upstream ORF,No adjacent downstream ORF
5235_5#5,Fic,75.5,ERS012014|SC|contig000013,-,333,18489,19490,MSRYQPPFSITPSVLNLVVEIGELLGHWSAKRGQASPLLRKENRIRTIQASLAIEHNSLSMEQVTALLEGKRVLAPAKDIQEVRNAIRAYELMPGWHAANISDLLTAHKTLMTGLVDRPGALRGGNVGIYRGTQVIHMAPPAAQVPRLIADLLSWLEHTELHPLIASSVFHYEFEFIHPFADGNGRMGRLWQTLILSQWRQELAWLPVETLIHHQQERYYDILGACDKTSDCTLFVTWMLQNILAALKEGLETSFIVSEEMSEEMSEEIDVKLAPPENAILRLLTEKPELTARALAEILGISARTVERHLQGLQAKGRLIRIGAKKGGSWLVK,hit length
5235_5#5,DUF4880,35.7,ERS012014|SC|contig000089,+,317,743,1694,MNPSLTDSRRQALRSASHWYAVLSGERVSPQQEARWQQWYEQDQDNQWAWQQVENLRNQLGGVPGDVASRALHDTRLTRRHVMKGLLLLLGAGGGWQLWQSETGEGLRADYRTPKGAVSRQQLEDGSLLTLNTQSAADVRFDAHQRTVRLWYGEIAITTAKDAQQRSFRVLTRQGQLTALGTEFTVRQQDNFTQLDVQQHAVEVLLASAPAQKRIVNAGESLQFSASEFGAVKPLDDESTSWTKGILSFSDKPLGEVIATLSRYRNGVLRCDPAVAGLRLSGTFPLKNTDAILNVIAQTLPVKIQSITRYWINISPL,hit length
5235_5#5,Zeta_toxin,22.2,ERS012014|SC|contig000005,-,273,206527,207348,MPQRVKPAEQGIVLDALSAGYGQTLIVDDINLTIPTGKMTVLAGANGSGKSTLLSTIARMLKPLGGCVRLDGKAIHQMPTKAVSRQLGILPQSPLTPEGLTVFELVSRGRYPWQGLMRQWSEADELAVEEALRLTGTAEFAHLPVDSLSGGQRQRCWIAMALAQQTATILLDEPTTWLDLRYQVDILELLQTLTREHGRTVVTVLHDLNFAVNYADLLVFLKQGRIAGTISDNDVCSPELIKRVFDVDVQMSINPQTGKPFFMPFRARQAAAQ,No adjacent downstream ORF,No adjacent upstream ORF
5235_5#5,DUF188,168.7,ERS012014|SC|contig000010,+,152,13104,13560,MAIWVDADACPNVIKEILFRAAERTQTPLTLVANQPLRVPPSRFIRTLRVEQGFDVADNEIVRQCAAGDLVITADIPLAAEVLAKGGAALNPRGERYSEATIRERLTMRDFMETLRASGVQTGGPDSLSQRDRQQFAAELEKWLLAVKRRQG,No adjacent upstream ORF,No adjacent downstream ORF
5235_5#5,RES,35.5,ERS012014|SC|contig000098,-,294,311,1195,MTLKTIIEQFPPLSVDELVTGINNFPQYNIAMKKEFLAKLIKHHPLLYVDWGEGSSYYRARYMGNDASPIDHVSKILCPPKEIRSYGRIDSDENEILYTASSKNTALNELKNYNNSFNYYTIATFRIYNSIKVLPIGELSHTQVTGRGMLLGNQSQSINKLINACNPDEVTRLLITDKFLSDSLMSDNYNITSYVANCIFEKNSDIYVIAYPSKQYPGGINFAIKNKVIWDHLGINAVRYAQIRHLACGYFEERNTRHVKGITQRGKLIWDENHADDEYYTYPLEPLWTPGQSI,No adjacent downstream ORF,Upstream length
5235_5#5,AHSA1,102.6,ERS012014|SC|contig000010,-,158,59545,60019,MSRSATDSRDLVISRLLSAPAPALWRAWADAALLRTWWCPKPWQTEVLAFDFRAGGAFHTVMHGPDGERNDNPGCFLEVIPQQKIVMTSMLTADYPPAVSPFAMTAIITFADEQVGCRYTATVLHADDETREQHEQMGFFEGWNIVIDQLNDLALTLR,No adjacent downstream ORF,No adjacent upstream ORF
5235_5#5,Bro-N,90.1,ERS012014|SC|contig000093,+,233,7177,7878,MSHPVALNEFDFNGNAVRTMTDEYSEVWFVAKDVADILGYAETSNMTERLDEDEKRKQTLQNGRNYTNQTLINESGLYNAVMGSQKVEAKHFKKWVTSEVLPSIRKTGGYNMVPQTYADALRQLADQAEATERAQLMLEKKDGQFKSVRGAYGQHVMQHNKYVHSKGEGFRHATIAHVKSVMPGKYSWQALANYCSYHNLSVEILTPHYQSVPLNSYPAEAWMAIYNIDITKF,No adjacent upstream ORF,No adjacent downstream ORF
5235_5#5,DUF294,22.2,ERS012014|SC|contig000020,-,261,60315,61098,MSNSLPDTASPLLPVPPEHPVSWPQGDLNCAAIKAHIDTFQHWLGEAFDSGIVAEQLIAARTEFIDQLLQRLWIGCGFESVSDLALVAVGGYGRGELHPLSDVDLLILSRKKLPDDQAQKVGELLTLLWDVKLEVGHSVRTLEECLLEGLSDLTVATNLIESRLLIGDVALFLELQKHIFSDGFWPSEKFFAAKVEEQNVRHQRYHGTSYNLEPDVKSSPGGLRXXXXXXXXXXXXXXXXXXXXXAISAPPQWMRWSASAF,hit length
5235_5#5,AbiEii,131.4,ERS012014|SC|contig000026,+,305,33780,34695,MDIQAPYYRQVALLMQVLPYVAVEREFALKGGTAINLFIRDFPRLSVDIDLAWVPLESRAIALPHIRDALARIAANLQQQAGMSAVLQANRSDEMRVIVTTDSAQIKIEVSPVARGTLYPPQEREVVGAVEDVFGYASLPVVSLPDLYGGKLCAALDRQHPRDFYDVKLLLDAQELDRPIFNGFIVYLLSHNRPLAEVLNPRWKDIAEPFYREFSGMTFETIALEELTAVPNRMIAALKSCFTQQDVDFLLSFKRGEPDWRLAPEMRIQDLPAVQWKLRNIHQMPAIKRAESLDKLEKVLAEWRS,Upstream length,Downstream length
5235_5#5,Zeta_toxin,23.9,ERS012014|SC|contig000055,+,454,2301,3663,MFDNLTDRLSRTLRNISGRGRLTEDNIKDTLREVRMALLEADVALPVVRDFISRVKESAVGHEVNKSLTPGQEFVKIVRNELVAAMGEENQTLDLAAQPPAVVLMAGLQGAGKTTSVGKLGKFLREKHKKKVLVVSADVYRPAAIKQLETLAEQVGVDFFPSDVGQKPVDIVNAALKEAKLKFYDVLLVDTAGRLHVDEAMMDEIKHVHAAINPVETLFVVDAMTGQDAANTAKAFNEALPLTGVVLTKVDGDARGGAALSIRHITGKPIKFLGVGEKTEALEPFHPDRVASRILGMGDVLSLIEDIESKVDRAQAEKLASKLKKGDGFDLTDFLEQLRQMKNMGGMASLMGKLPGMGQIPDNVKAQMDDKVLVRMEAIINSMTLKERAKPEIIKGSRKRRIAAGCGMQVQDVNRLLKQFDDMQRMMKKMKSKGGMMKMMRGMKGMMPPGFPGR,hit length
5235_5#5,GNAT_acetyltran,22.6,ERS012014|SC|contig000023,-,167,80893,81394,MNSRPARRLAGRSGNKSAHMNTISTLSTADLTKAWHIEKRAHAFPWSEQTLASNQGERYCNYQLSVDGEMAAFAITQVVLDEATLFNIAVDPAYQRRGLGRALLEHVIDEVEKLGVVTLWLEVRASNVAAIALYESVGFNEATIRRNYYPTTDGREDAIIMALPISM,Downstream length,No adjacent upstream ORF
5235_5#5,HD,32.0,ERS012014|SC|contig000006,-,648,64401,66345,MKLDYETLMAALLHDVIEDTPATYQDMEQLFGKSVAELVEGVSKLDKLKFRDKKEAQAENFRKMIMAMVQDIRVILIKLADRTHNMRTLGSLRPDKRRRIARETLEIYSPLAHRLGIHHIKTELEELGFEALYPNRYRVIKEVVKAARGNRKEMIQKILSEIEGRLQEAGIPCRVSGREKHLYSIYCKMVLKEQRFHSIMDIYAFRVIVHDADICYRVLGQMHSLYKPRPGRFKDYIAIPKANGYQSLHTSMIGPHGVPVEVQIRTEDMDQMAEMGVAAHWAYKEHGGESSTTAQIRAQRWMQSLLELQQSAGSSFEFIESVKSDLFPDEIYVFTPEGRIVELPAGATPVDFAYAVHTDIGHACVGARVDRQPYPLSQPLSSGQTVEIITAPGARPNAAWLNFVVSSKARAKIRQLLKNLKRDDSVSLGRRLLNHALGGSRKLAEIPPENIQRELDRMKLASLDDLLAEIGLGNAMSVVVAKNLQQGEAAAAPVPANASNHGHLPIKGADGVLITFAKCCRPIPGDPIIAHVSPGKGLVIHHESCRNIRGYQKEPEKFMAVEWDKETAQEFITEIKVDMFNHQGALANLTAAINTASSNIQSLNTEEKDGRVYSAFIRLTARDRVHLANIMRKIRVMPDVIKVTRNRN,hit length
5235_5#5,Polyketide_cyc2,101.9,ERS012014|SC|contig000036,-,138,30893,31309,MATTTVSIEIPASVDQVWQLMGGFDSLPDWLPFIPKSMVSEGGRVRTLTTSDGGTVIERLEAFDNRQRSYSYSIIQAPFPVVDYLSTIAVVATADNNITRVEWSGSFTPVNVSDADAEALFSGIYRDGLQALKNNFSA,Downstream length,Upstream length
5235_5#5,Zeta_toxin,20.3,ERS012014|SC|contig000072,-,884,3339,5993,MENPASLLRRLNPCCARAMEGAASLCQTRAHAEILPEHWLLKLLEQGEGDLTVLARRYEWDMDALWQDLLNWLDKQPRSVRHRPQLSDHTLRLMQEAWLIASLCGEAQIRSVHLLMALVEKQNLIQCDGLWPLLTLGQRQLERLRSLLDAQSDERPPAQQEAARAQPHGGDVEFVGRPAGSELNADGLNSALQNALDKFTLDVTAKARDGQIDPVFGRDTEIRQMVDILSRRRKNNPILVGEPGVGKTALVEGLALRIAEGNVPDALKPVSVRTLDLGLLQAGAGVKGEFEQRLKNIIEAVQQSPSPVLLFIDEAHTIIGAGNQAGGADAANLLKPALARGELRTIAATTWSEYKQYFERDAALERRFQMVKVDEPDDDTACLMLRGLKSRYADHHGVHITDDAVRAAVTLSRRYLTGRQLPDKAVDLLDTASARLRMSLDTVPEPLTRMKAQLTALAMEKQALLEDIALGNSARGDRLAAIEQEEIRLILALDTLETQYGQELQLTEALLACRRDISRQAEINDLQTALIAVQQGNPLLGLDVDVRTVATVIADWTGVPLSSLMKDEQTELLSLEESLGKRVVGQQAALSAIARRLRAAKTGLTPENGPQGVFLLVGPSGTGKTETALALADALFGGEKALITINLSEYQEPHTVSQLKGSPPGYVGYGQGGILTEAVRKRPYSVVLLDEVEKAHRDVMNLFYQVFDRGVMRDGEGREIDFRNTVILMTANLGSDLLMQLLDEQPEASESDLHELLRPVLRGHFQPALLARFQTVIYRPLPAGALRAIVGMKLGQVSQRLACHYGITTTLSESLFDALTEACLLPDTGARNVDSLLNQQILPALSQQLLSHMAAGQKPRQVTLGYHEEEGVVMAFDEGTISDE,hit length
5235_5#5,HD_3,63.5,ERS012014|SC|contig000002,+,199,223613,224210,MSQSHFFAHLSRLKLINRWPLMRNVRTENVSEHSLQVAMVAHALAAIKNRKFGGQVNAERIALLAMYHDASEVLTGDLPTPVKYFNSQIAQEYKAIEKIAQQKLVDMVPDELRDIFEPLIDEHHYSEEEQSIVKQADALCAYLKCLEELSAGNNEFLLAKGRLEKTLASRRSAEMDYFMQVFVPSFQLSLDEISQDSPL,No adjacent upstream ORF,No adjacent downstream ORF
5235_5#5,HD,95.6,ERS012014|SC|contig000008,+,402,132958,134164,MRIALKSALMLTTRVIQIINPELHRHMQRTALIALTLAQRLELPDERQQTIFCAALLHDIGVLGDKRTIHSLDAIDNIHDPHQRQGVAMLEGLATFQPIVPFIRDHHFSPNHRGSREQHIVYFADAFERLLPADSHVAAWPTRAVVEQFVALHREIDPPLCDILCEVAENANFWQHLHPGHIQRLLEIIGPINTRYLDIHGLKDVCLLIAKIVDTYSSFTAPHSIMVGEIARQLARWMQLPEPTCQQIQIAGYLHDIGKVYIPLSILEKEGELDDEELSQVREHSYMTGELLSDYSELGDIINWASNHHEKMDGSGYPLHLEKEHLPLADRIISIADIFTALTEDRPYRKGMAWQEALQIMEADVINGALDSDVFLVLRHHAETLHAIILQTLAPLHSERRL,hit length
5235_5#5,HD,46.7,ERS012014|SC|contig000024,-,413,15591,16832,VKSYLVGGAVRDALLGLPVKDRDWVVVGATPQQMLDAGYQQVGRDFPVFLHPQSREEYALARTERKSGAGYTGFTCYAAPDVTLEADLLRRDLTVNALAQDADGAIIDPYGGQNDLRQRLLRHVSPAFSEDPLRVLRVARFAARYAHLGFRIAEETQALMAAMVEAGELAHLTPERVWKETESALTTRNPQVFFQTLRDCQALKVLFPEIDALYGVPAPAKWHPEIDTGLHTLMTVTMAAMLSPDVDVRFATLCHDLGKGLTPKALWPRHHGHGPAGVKLVEQLCARLRVPNDIRDLAKLVAEYHDLIHTLPILQPKTLVKLFDSIDAWRKPQRVQQIALTSEADVRGRTGFEASDYPQGRLLLEAWEVAQSVSTKEVVAAGFKGAEIREELTRRRIAAVAQWKEQRCPQPQG,hit length
5235_5#5,HD,40.5,ERS012014|SC|contig000020,+,504,52530,54044,MAKIDFRNKINWRRRFRSPPRVETERDILRIFESDRGRIVNSPAIRRLQQKTQVFPLERNAAVRTRLTHSLEVQQVGRYIAKEVLSRLKELRLLEEYGLEELTGPFESVVEMACLMHDIGNPPFGHFGEAAINDWFRQRLAPGDALGQPLTDDRCEVQALRLHDGETSLNALRRKVRQDLCSFEGNAQGIRLVHTLMRMNLTWAQVGCILKYTRPAWWSEETPASHSYLMKKPGYYLAEEEYVARLRKELDLAPYNRFPLTWIMEAADDISYCVADLEDAVEKRIFSAEQLYQHLYDAWGSHEKGSLFSQVVENAWEKSRANYLKQSAEDQFFMYLRVNTLNKLVPYAARRFIDNLPAIFTGDFNHALLEDDSDCSQLLELYKNVAMKQVFSHPDVEQLELQGYRVISGLLDIYQPLLKLSLEDFSELVAQERVRRLPIASRLYQKLSTRHRLGYVEAVNKLARTAPEFALMEYYYRCRLIQDYISGMTDLYAWDEYRRLMAVE,hit length
5235_5#5,HD,64.9,ERS012014|SC|contig000020,-,646,58405,60345,MDEMVGFGFLTEAERNELNECLHQLWRIRFALHLELTRYDNRLLFDRQLSVARRLGYEGDGNQPIEHMMKDFFRVTRRVSELNQMLLQLFEEAILALTEDEKPRPIDDDFQLRGTLIDLRDDTLFIREPQAILRMFYIMVRNSTITGIYSTTLRHLRHARRHLPQPLCYIPEARTLFLSMLRHQGAVSRGLLPMHRHSVLWAYMPQWSHIVGQMQFDLFHAYTVDEHTVRVMLKLESFAKEETRSRHPLCVELWPRLTHPELILIAALFHDIAKGRGGDHSILGAQDVLKFAELHGLNSRETQLVAWLVRHHLLMSVTAQRRDIQDPEVIKQFAEEVQTENRLRYLVCLTVADICATNETLWNSWKQSLLRELYFATEKQLRRGMQSTPDMRERVRHHQLQALALLRMDNINEEALHQIWNRCRANYFVRHTPTQLAWHARNLLSHDLNKPMILLSSQATRGGTEIFIWSPDRPYLFAAVCGELDRRNLSVHDAQIFTTRDGMAMDTFIVLEPDGSPLSADRHEAIRQGLEQTITQRSWQPPAPRRQAAKLRHFSVDTEVNFLPTHTDRKSFLELIALDQPGLLARVGQVFADLGISLHGARITTIGERVEDLFIIATADRRALNNELQQEVQQRLTAALNPNDKG,hit length
5235_5#5,YjhX_toxin,141.8,ERS012014|SC|contig000036,+,85,42507,42764,MNLSRQEQRTLHVLAKGGRIAHVRDTSGRITAVECYTREGLLLSDCTLAVFKKLKTKKLIKSVNGQPYRINTTGLNNVRAQADNR,No adjacent upstream ORF,No adjacent downstream ORF
